check_name,record_id
invalid_fte_outlier_by_grade,590
invalid_fte_outlier_by_grade,5
invalid_fte_outlier_by_grade,74
invalid_fte_outlier_by_grade,93
invalid_fte_outlier_by_grade,23
invalid_fte_outlier_by_grade,665
invalid_fte_outlier_by_grade,1140
invalid_fte_outlier_by_grade,1517
invalid_fte_outlier_by_grade,1536
invalid_fte_outlier_by_grade,2506
invalid_fte_outlier_by_grade,24
invalid_fte_outlier_by_grade,101
invalid_fte_outlier_by_grade,857
invalid_fte_outlier_by_grade,89
invalid_fte_outlier_by_grade,144
invalid_fte_outlier_by_grade,397
invalid_fte_outlier_by_grade,159
invalid_fte_outlier_by_grade,206
invalid_fte_outlier_by_grade,351
invalid_fte_outlier_by_grade,1821
invalid_fte_outlier_by_grade,114
invalid_fte_outlier_by_grade,115
invalid_fte_outlier_by_grade,118
invalid_fte_outlier_by_grade,126
invalid_fte_outlier_by_grade,191
invalid_fte_outlier_by_grade,237
invalid_fte_outlier_by_grade,332
invalid_fte_outlier_by_grade,388
invalid_fte_outlier_by_grade,492
invalid_fte_outlier_by_grade,1159
invalid_fte_outlier_by_grade,1622
invalid_fte_outlier_by_grade,1108
invalid_fte_outlier_by_grade,420
invalid_fte_outlier_by_grade,2284
invalid_fte_outlier_by_grade,257
invalid_fte_outlier_by_grade,278
invalid_fte_outlier_by_grade,347
invalid_fte_outlier_by_grade,387
invalid_fte_outlier_by_grade,427
invalid_fte_outlier_by_grade,514
invalid_fte_outlier_by_grade,672
invalid_fte_outlier_by_grade,1115
invalid_fte_outlier_by_grade,1651
invalid_fte_outlier_by_grade,106
invalid_fte_outlier_by_grade,1000
invalid_fte_outlier_by_grade,1008
invalid_fte_outlier_by_grade,1017
invalid_fte_outlier_by_grade,6
invalid_fte_outlier_by_grade,8
invalid_fte_outlier_by_grade,48
invalid_fte_outlier_by_grade,103
invalid_fte_outlier_by_grade,160
invalid_fte_outlier_by_grade,302
invalid_fte_outlier_by_grade,348
invalid_fte_outlier_by_grade,392
invalid_fte_outlier_by_grade,410
invalid_fte_outlier_by_grade,428
invalid_fte_outlier_by_grade,675
invalid_fte_outlier_by_grade,796
invalid_fte_outlier_by_grade,925
invalid_fte_outlier_by_grade,1011
invalid_fte_outlier_by_grade,1508
senior_role_low_pay,156
senior_role_low_pay,493
senior_role_low_pay,558
senior_role_low_pay,877
senior_role_low_pay,887
senior_role_low_pay,986
senior_role_low_pay,993
senior_role_low_pay,1088
senior_role_low_pay,1169
senior_role_low_pay,1299
senior_role_low_pay,1491
senior_role_low_pay,1559
senior_role_low_pay,1916
senior_role_low_pay,1993
senior_role_low_pay,2141
senior_role_low_pay,2173
senior_role_low_pay,2304
senior_role_low_pay,2378
senior_role_low_pay,2454
senior_role_low_pay,2688
senior_role_low_pay,2827
senior_role_low_pay,2836
senior_role_low_pay,2863
senior_role_low_pay,2888
inconsistent_region_casing,117
inconsistent_region_casing,131
inconsistent_region_casing,136
inconsistent_region_casing,261
inconsistent_region_casing,389
inconsistent_region_casing,412
inconsistent_region_casing,421
inconsistent_region_casing,477
inconsistent_region_casing,548
inconsistent_region_casing,772
inconsistent_region_casing,858
inconsistent_region_casing,944
inconsistent_region_casing,1507
inconsistent_region_casing,1542
inconsistent_region_casing,1576
inconsistent_region_casing,1610
inconsistent_region_casing,1857
inconsistent_region_casing,1872
inconsistent_region_casing,1880
inconsistent_region_casing,2000
inconsistent_region_casing,2006
inconsistent_region_casing,2018
inconsistent_region_casing,2019
inconsistent_region_casing,2455
inconsistent_region_casing,2462
inconsistent_region_casing,2494
inconsistent_region_casing,2520
inconsistent_region_casing,2551
inconsistent_region_casing,2597
inconsistent_region_casing,2606
inconsistent_region_casing,2821
inconsistent_region_casing,2983
inconsistent_region_casing,3009
placeholder_office_region,24
placeholder_office_region,47
placeholder_office_region,89
placeholder_office_region,101
placeholder_office_region,114
placeholder_office_region,126
placeholder_office_region,132
placeholder_office_region,135
placeholder_office_region,140
placeholder_office_region,144
placeholder_office_region,161
placeholder_office_region,200
placeholder_office_region,204
placeholder_office_region,209
placeholder_office_region,232
placeholder_office_region,237
placeholder_office_region,244
placeholder_office_region,265
placeholder_office_region,302
placeholder_office_region,332
placeholder_office_region,366
placeholder_office_region,388
placeholder_office_region,397
placeholder_office_region,431
placeholder_office_region,449
placeholder_office_region,499
placeholder_office_region,543
placeholder_office_region,635
placeholder_office_region,636
placeholder_office_region,641
placeholder_office_region,660
placeholder_office_region,661
placeholder_office_region,674
placeholder_office_region,677
placeholder_office_region,683
placeholder_office_region,685
placeholder_office_region,686
placeholder_office_region,691
placeholder_office_region,703
placeholder_office_region,708
placeholder_office_region,716
placeholder_office_region,727
placeholder_office_region,728
placeholder_office_region,735
placeholder_office_region,740
placeholder_office_region,751
placeholder_office_region,769
placeholder_office_region,799
placeholder_office_region,803
placeholder_office_region,804
placeholder_office_region,805
placeholder_office_region,818
placeholder_office_region,827
placeholder_office_region,839
placeholder_office_region,840
placeholder_office_region,849
placeholder_office_region,857
placeholder_office_region,895
placeholder_office_region,950
placeholder_office_region,953
placeholder_office_region,961
placeholder_office_region,972
placeholder_office_region,999
placeholder_office_region,1068
placeholder_office_region,1071
placeholder_office_region,1097
placeholder_office_region,1144
placeholder_office_region,1179
placeholder_office_region,1189
placeholder_office_region,1248
placeholder_office_region,1286
placeholder_office_region,1355
placeholder_office_region,1374
placeholder_office_region,1390
placeholder_office_region,1395
placeholder_office_region,1469
placeholder_office_region,1516
placeholder_office_region,1519
placeholder_office_region,1521
placeholder_office_region,1554
placeholder_office_region,1572
placeholder_office_region,1609
placeholder_office_region,1616
placeholder_office_region,1622
placeholder_office_region,1627
placeholder_office_region,1666
placeholder_office_region,1680
placeholder_office_region,1699
placeholder_office_region,1719
placeholder_office_region,1777
placeholder_office_region,1821
placeholder_office_region,1829
placeholder_office_region,2005
placeholder_office_region,2046
placeholder_office_region,2083
placeholder_office_region,2200
placeholder_office_region,2201
placeholder_office_region,2211
placeholder_office_region,2320
placeholder_office_region,2357
placeholder_office_region,2476
placeholder_office_region,2479
placeholder_office_region,2556
placeholder_office_region,2594
placeholder_office_region,2614
placeholder_office_region,2630
placeholder_office_region,2693
placeholder_office_region,2718
placeholder_office_region,2834
placeholder_office_region,2849
placeholder_office_region,2998
placeholder_office_region,2999
placeholder_office_region,3067
placeholder_office_region,3068
placeholder_office_region,3070
placeholder_office_region,3071
placeholder_office_region,3072
placeholder_office_region,3074
placeholder_office_region,3181
